,pl_name,hostname,disc_year,discoverymethod,pl_orbper,pl_orbsmax,pl_rade,pl_masse,pl_gravity,pl_insol,pl_eqt,st_spectype,st_teff,glat,glon,sy_dist,xVal,yVal
343,CoRoTID 223977153 b,CoRoTID 223977153,2017,Transit,6.71837,0.071,6.389,47.6745,11.4695,132.26,938.0,G0 VI,5970.0,1.86373,203.48237,1880.8883837082471,749.0752380836221,-1724.205755536837
472,EPIC 246851721 b,EPIC 246851721,2018,Transit,6.180235,0.07229,11.781,953.49,67.4647,642.0,1401.0,F5 V,6202.0,-12.64088,186.97531,1215.3630334134552,144.01806821010004,-1177.126314861733
474,EPIC 249893012 b,EPIC 249893012,2020,Transit,3.5951,0.047,1.95,8.75,22.5977,1037.0,1616.0,G8 IV/V,5430.0,34.30816,345.11043,1047.9273953487877,222.42364696419227,836.5423269312612
475,EPIC 249893012 c,EPIC 249893012,2020,Transit,15.624,0.13,3.67,14.67,10.696,160.0,990.0,G8 IV/V,5430.0,34.30816,345.11043,1047.9273953487877,222.42364696419227,836.5423269312612
476,EPIC 249893012 d,EPIC 249893012,2020,Transit,35.747,0.22,3.94,10.18,6.4399,53.0,752.0,G8 IV/V,5430.0,34.30816,345.11043,1047.9273953487877,222.42364696419227,836.5423269312612
481,G 9-40 b,G 9-40,2019,Transit,5.746007,0.0385,2.025,11.7,28.0195,7.2,456.0,M2.5 V,3348.0,37.03563,206.06509,91.08764854322123,31.948945907206095,-65.31661479298492
506,GJ 1214 b,GJ 1214,2009,Transit,1.58040433,0.0149,2.742,8.17,10.6712,21.0,596.0,M4 V,3250.0,23.60704,26.16217,47.75809991992958,-19.294981793083103,39.2780245317194
600,GJ 357 b,GJ 357,2019,Transit,3.93072,0.035,1.217,1.84,12.2,12.6,525.0,M2.5 V,3505.0,22.08045,253.88843,30.795065486897247,27.415638692908576,-7.919115235785499
604,GJ 367 b,GJ 367,2021,Transit,0.3219225,0.00709,0.699,0.633,12.7225,579.0,1365.0,M1.0 V,3522.0,5.6589,272.24323,30.699893055879503,30.526867287251576,1.1957913131689784
612,GJ 3929 b,GJ 3929,2022,Transit,2.6162745,0.02569,1.15,1.21,8.9849,17.5,569.0,M3.5 V,3369.0,49.59735,56.66419,51.563692535128546,-27.922271053781387,18.36649570470753
661,GJ 486 b,GJ 486,2021,Radial Velocity,1.467119,0.01734,1.305,2.82,16.2612,40.3,701.0,M3.5 V,3340.0,72.60142,300.0371,26.334713943431925,6.816992938089055,3.9416804029140975
792,GPX-1 b,GPX-1,2021,Transit,1.744579,0.0338,16.477,6261.21962,226.4787,4650.0,2300.0,F2,7000.0,-4.05517,136.89331,2136.366674373772,-1456.2504559156173,-1555.8190085885292
1255,HAT-P-68 b,HAT-P-68,2020,Transit,2.29840551,0.02996,12.016,230.10892,15.6509,184.8,1028.0,K,4508.0,23.83401,197.14414,659.3316406819511,177.7808743507001,-576.3056262357816
1337,HATS-17 b,HATS-17,2016,Transit,16.254611,0.1308,8.709,425.25654,55.0604,72.7,814.0,G V,5846.0,15.25563,302.46383,1305.705088477216,1062.8421774180742,676.1622517004546
1341,HATS-18 b,HATS-18,2016,Transit,0.8378434,0.01761,14.986,629.3034,27.5178,2990.0,2060.0,G V,5600.0,30.87451,283.68658,2036.4160524224765,1698.2114899117412,413.55796372720226
1415,HATS-36 b,HATS-36,2018,Transit,4.1752387,0.05425,13.843,1022.14128,52.3812,561.0,1356.0,G0 V,6149.0,-17.59239,15.35677,2793.3206350621685,-705.1537066291626,2567.6096682958228
1723,HD 110113 b,HD 110113,2021,Transit,2.541,0.035,2.05,4.55,10.6323,735.49,1371.0,G,5732.0,18.51297,300.80214,346.72706045933836,282.40646379532865,168.36233614040682
2397,HD 191939 b,HD 191939,2020,Transit,8.8803256,0.0804,3.41,10.0,8.4453,100.0,880.0,G9 V,5348.0,17.72195,99.98716,174.84884637379125,-164.02757065243998,-28.884586289345197
2400,HD 191939 c,HD 191939,2020,Transit,28.579743,0.1752,3.195,8.0,7.6961,21.0,600.0,G9 V,5348.0,17.72195,99.98716,174.84884637379125,-164.02757065243998,-28.884586289345197
2403,HD 191939 d,HD 191939,2020,Transit,38.353037,0.2132,2.995,2.8,3.0654,14.3,540.0,G9 V,5348.0,17.72195,99.98716,174.84884637379125,-164.02757065243998,-28.884586289345197
2497,HD 207496 b,HD 207496,2023,Transit,6.441008,0.0629,2.25,6.1,11.8329,72.9,743.0,K2.5 V,4819.0,-35.79483,313.77934,76.99247452381445,45.08941842290223,43.20799826911326
2512,HD 207897 b,HD 207897,2021,Transit,16.202159,0.1163,2.501,14.4,22.6079,26.5,632.0,K0 V,5070.0,23.23912,118.37663,92.28203319841994,-74.60610107430304,-40.30004992843712
2714,HD 23472 b,HD 23472,2019,Transit,17.667087,0.1162,2.0,8.32,20.4262,16.0,543.0,K4 V,4684.0,-44.84798,277.0269,127.31220663433133,89.58388922673625,11.04221411135213
2717,HD 23472 c,HD 23472,2019,Transit,29.79749,0.1646,1.87,3.41,9.5763,7.96,467.0,K4 V,4684.0,-44.84798,277.0269,127.31220663433133,89.58388922673625,11.04221411135213
2721,HD 23472 d,HD 23472,2022,Transit,3.97664,0.04298,0.75,0.55,9.6021,117.0,909.0,K4 V,4684.0,-44.84798,277.0269,127.31220663433133,89.58388922673625,11.04221411135213
2723,HD 23472 e,HD 23472,2022,Transit,7.90754,0.068,0.818,0.72,10.567,46.7,723.0,K4 V,4684.0,-44.84798,277.0269,127.31220663433133,89.58388922673625,11.04221411135213
2725,HD 23472 f,HD 23472,2022,Transit,12.1621839,0.0906,1.137,0.77,5.8492,26.3,630.0,K4 V,4684.0,-44.84798,277.0269,127.31220663433133,89.58388922673625,11.04221411135213
2756,HD 260655 b,HD 260655,2022,Transit,2.76953,0.02933,1.24,2.14,13.6677,42.2,709.0,M0 V,3803.0,4.86549,195.67069,32.63357637244876,8.782825272705256,-31.307365793721853
2757,HD 260655 c,HD 260655,2022,Transit,5.70588,0.04749,1.533,3.09,12.9122,16.1,557.0,M0 V,3803.0,4.86549,195.67069,32.63357637244876,8.782825272705256,-31.307365793721853
2877,HD 332231 b,HD 332231,2020,Transit,18.71204,0.1436,9.718,77.55052,8.0641,98.09,876.0,F8,6089.0,-2.65449,73.36636,263.0989344308768,-251.8189756668543,75.23151509745709
3077,HD 5278 b,HD 5278,2021,Transit,14.339156,0.1202,2.45,7.8,12.7611,132.0,943.0,F V,6203.0,-33.38439,302.97274,187.8158454826758,131.56582185935466,85.35087663480367
3212,HD 73583 b,HD 73583,2022,Transit,6.398042,0.0604,2.79,10.2,12.8682,43.3,714.0,K4 V,4511.0,16.64313,237.89791,102.95647912833351,83.56103107920643,-52.42198359966668
3213,HD 73583 c,HD 73583,2022,Transit,18.87974,0.1242,2.39,9.7,16.6763,10.2,498.0,K4 V,4511.0,16.64313,237.89791,102.95647912833351,83.56103107920643,-52.42198359966668
3385,HD 93963 A b,HD 93963 A,2022,Transit,1.0391353,0.02085,1.35,7.8,42.0293,2898.0,2042.0,G0 V,5987.0,63.07361,209.2072,268.56759841605344,59.34664005307328,-106.1569821845045
3387,HD 93963 A c,HD 93963 A,2022,Transit,3.6451398,0.04813,3.228,19.2,18.095,543.8,1344.0,G0 V,5987.0,63.07361,209.2072,268.56759841605344,59.34664005307328,-106.1569821845045
3405,HD 95338 b,HD 95338,2020,Radial Velocity,55.087,0.262,3.89,42.44,27.5423,7.42,385.0,K0.5 V,5212.0,2.95274,287.94231,120.65861652890977,114.6382472254849,37.12065319462684
3534,HIP 65 A b,HIP 65 A,2020,Transit,0.9809734,0.01782,22.754,1021.18779,19.3693,661.0,1411.0,K4 V,4590.0,-60.79535,317.9426,201.5176749105562,65.866521852309,73.0049693789339
3630,K2-100 b,K2-100,2016,Transit,1.6739035,0.0301,3.88,21.8,14.2206,1915.0,1841.0,G0 V,5945.0,32.19544,205.23994,616.3018297697811,222.3883557213109,-471.74545447390625
4027,K2-180 b,K2-180,2018,Transit,8.8665,0.075,2.242,11.44182,22.3537,67.0,729.0,K2 V,5110.0,25.58211,214.28896,665.019807909331,337.9221956648145,-495.58050981842723
4256,K2-216 b,K2-216,2018,Transit,2.1748,0.028,1.75,8.0,25.653,248.0,1103.0,K5 V,4503.0,-56.49811,120.44792,376.58341527552903,-179.19463724211155,-105.33442742956308
4338,K2-24 b,K2-24,2016,Transit,20.8851,0.154,5.68,21.0,6.3922,60.0,767.0,G3,5743.0,19.20525,349.99931,556.2988409612319,91.23034084255433,517.356540359054
4348,K2-24 c,K2-24,2016,Transit,42.3633,0.247,7.82,27.0,4.3359,24.0,606.0,G3,5743.0,19.20525,349.99931,556.2988409612319,91.23034084255433,517.356540359054
4369,K2-25 b,K2-25,2015,Transit,3.48456408,0.0287,3.44,24.5,20.3317,9.91,494.0,M4.5 V,3207.0,-25.29268,178.25572,146.62849194822772,-4.0353309678482585,-132.51083605637123
4545,K2-285 b,K2-285,2018,Transit,3.471745,0.03817,2.59,9.68,14.171,234.31,1089.0,K2 V,4975.0,-53.68469,80.67491,505.41518447364274,-295.36570732846775,48.50080903123831
4546,K2-285 c,K2-285,2018,Transit,7.138048,0.0824,3.53,15.68,12.3572,50.35,741.0,K2 V,4975.0,-53.68469,80.67491,505.41518447364274,-295.36570732846775,48.50080903123831
4548,K2-285 d,K2-285,2018,Transit,10.45582,0.1178,2.48,6.5,10.3785,24.61,620.0,K2 V,4975.0,-53.68469,80.67491,505.41518447364274,-295.36570732846775,48.50080903123831
4549,K2-285 e,K2-285,2018,Transit,14.76289,0.18041,1.95,10.7,27.6337,10.5,501.0,K2 V,4975.0,-53.68469,80.67491,505.41518447364274,-295.36570732846775,48.50080903123831
4573,K2-292 b,K2-292,2019,Transit,16.9841,0.13,2.63,24.5,34.784,67.0,795.0,G3 V,5725.0,50.98859,322.75465,372.77390878379754,142.01823028183853,186.79491580843998
4585,K2-3 b,K2-3,2015,Transit,10.0546535,0.0747,2.078,5.11,11.6213,10.5,501.0,M V,3844.0,55.25008,264.98752,143.74592188196715,81.62120213492875,-7.158844805945086
4596,K2-3 c,K2-3,2015,Transit,24.646729,0.1357,1.582,2.68,10.5159,3.17,372.0,M V,3844.0,55.25008,264.98752,143.74592188196715,81.62120213492875,-7.158844805945086
4613,K2-3 d,K2-3,2015,Transit,44.55603,0.2014,1.458,2.2,10.1632,1.44,305.0,M V,3844.0,55.25008,264.98752,143.74592188196715,81.62120213492875,-7.158844805945086
5014,K2-415 b,K2-415,2023,Transit,4.0179694,0.027,1.015,7.5,71.4914,4.82,412.0,M5 V,3173.0,35.80871,217.79828,71.16145080299451,35.36958872996912,-45.601025625854426
5312,KELT-10 b,KELT-10,2016,Transit,4.1662739,0.0525,15.681,215.80657,8.6187,600.0,1377.0,G0 V,5948.0,-20.57244,349.65854,614.4916618734532,103.27531916674252,565.9591131306082
5343,KELT-18 b,KELT-18,2017,Transit,2.8717518,0.0455,17.598,375.0394,11.8926,3152.0,2085.0,F4 V,6670.0,53.81036,102.71473,1048.188320450961,-603.7360203040308,-136.22089325913979
5347,KELT-19 A b,KELT-19 A,2017,Transit,4.6117093,0.0637,21.409,1293.5681,27.7154,2340.0,1935.0,A8 V,7500.0,11.13398,210.01238,979.3693247527284,480.6477739306118,-832.091102752498
5355,KELT-20 b,KELT-20,2017,Transit,3.4741085,0.0542,19.515,1074.90106,27.7176,4362.5,2262.0,A2 V,8720.0,4.62728,65.80767,444.9620998638443,-404.56035205820274,181.751539590158
5360,KELT-21 b,KELT-21,2018,Transit,3.6127647,0.05224,17.777,1242.7153,38.6171,2950.0,2051.0,A8 V,7598.0,-1.9865,71.48138,1535.7986282650468,-1455.4005345224873,487.49619220228
5364,KELT-23 A b,KELT-23 A,2019,Transit,2.255251,0.03302,14.83,298.12454,13.3119,991.18,1561.0,G2 V,5899.0,43.94313,102.28211,411.80830406893733,-289.7273002627847,-63.07600892017546
5380,KELT-4 A b,KELT-4 A,2016,Transit,2.9895932,0.04317,19.044,286.68266,7.7626,1840.0,1823.0,F,6206.0,57.99257,207.45808,711.183981611359,173.81067853774627,-334.48448257398917
5406,KELT-9 b,KELT-9,2017,Transit,1.4811235,0.03462,21.196,915.3504,20.008,44900.0,4050.0,B9.5-A0,10170.0,0.24852,78.91292,666.8430220607677,-654.390942775245,128.23316266313776
5929,KPS-1 b,KPS-1,2018,Transit,1.706291,0.0269,11.545,346.4347,25.5246,729.0,1459.0,K1 V,5165.0,48.29956,140.12745,856.8323736445479,-365.414066462075,-437.45604469854527
14290,Kepler-1654 b,Kepler-1654,2018,Transit,1047.8356,2.026,9.18,158.915,18.5184,0.3,206.0,G5 V,5597.0,19.06885,73.86663,1852.9498283930309,-1682.302784058126,486.6333546994955
14352,Kepler-1661 b,Kepler-1661,2020,Transit,175.06,0.633,3.87,17.0,11.1468,0.88,243.0,K,5100.0,16.15714,72.26462,1339.2209178513885,-1225.1900996767652,391.8418091632769
32264,L 98-59 b,L 98-59,2019,Transit,2.2531136,0.02191,0.85,0.4,5.4368,24.7,627.0,M3 V,3415.0,-17.5933,281.81705,34.63585037525185,32.31607328847477,6.761216349928869
32269,L 98-59 c,L 98-59,2019,Transit,3.6906777,0.0304,1.385,2.22,11.3652,12.8,553.0,M3 V,3415.0,-17.5933,281.81705,34.63585037525185,32.31607328847477,6.761216349928869
32273,L 98-59 d,L 98-59,2019,Transit,7.4507245,0.0486,1.521,1.94,8.2351,5.01,416.0,M3 V,3415.0,-17.5933,281.81705,34.63585037525185,32.31607328847477,6.761216349928869
32281,LHS 1140 b,LHS 1140,2017,Transit,24.73712,0.0875,1.43,6.65,31.9355,0.46,230.0,M4.5 V,3131.0,-78.05159,115.40542,48.87812092100888,-9.140691921480528,-4.341379321348626
32307,LP 791-18 c,LP 791-18,2019,Transit,4.9899093,0.02961,2.438,7.1,11.7305,2.64,324.0,M(6.1 +/- 0.7) V,2960.0,39.10605,268.56582,86.40763067936366,67.0295721992013,-1.6781786593377344
32310,LP 791-18 d,LP 791-18,2023,Transit,2.753436,0.01992,1.032,0.9,8.2987,5.83,396.0,M(6.1 +/- 0.7) V,2960.0,39.10605,268.56582,86.40763067936366,67.0295721992013,-1.6781786593377344
32312,LP 890-9 b,LP 890-9,2022,Transit,2.7299025,0.01875,1.32,13.2,74.3962,4.09,396.0,M6 V,2850.0,-44.9483,226.91411,105.77186098078444,54.67214638834067,-51.136041449699164
32313,LP 890-9 c,LP 890-9,2022,Transit,8.457463,0.03984,1.367,25.3,132.9561,0.91,272.0,M6 V,2850.0,-44.9483,226.91411,105.77186098078444,54.67214638834067,-51.136041449699164
32448,NGTS-1 b,NGTS-1,2017,Transit,2.647298,0.0326,14.908,258.07796,11.4035,65.3,790.0,M0.5,3916.0,-31.20101,241.19241,711.4155526395379,533.2051165342123,-293.22398173974807
32453,NGTS-12 b,NGTS-12,2020,Transit,7.532806,0.0757,11.747,66.10864,4.7047,416.0,1257.0,G,5690.0,25.30286,288.04232,1456.0990558061835,1251.6725435757312,407.7154263404822
32459,NGTS-15 b,NGTS-15,2021,Transit,3.27623,0.0441,12.33,238.68913,15.4181,425.0,1146.0,G6 V,5600.0,-37.98373,234.7828,2565.170987285529,1651.7787042935117,-1165.9444647007012
32460,NGTS-16 b,NGTS-16,2021,Transit,4.84532,0.0523,14.572,211.99155,9.804,480.0,1177.0,G7 V,5550.0,-50.37343,229.39967,2929.43221461092,1418.5675930237467,-1215.8736500621758
32461,NGTS-17 b,NGTS-17,2021,Transit,3.24253,0.0391,13.899,242.8209,12.3437,1160.0,1457.0,G4 V,5650.0,-38.60499,236.48794,3392.939566111738,2210.712961244785,-1463.9082636355315
32463,NGTS-18 b,NGTS-18,2021,Transit,3.05125,0.0448,13.563,129.99182,6.9395,845.0,1381.0,G5 V,5610.0,26.25398,291.77668,3575.2935968931693,2977.649629767964,1189.5692931444173
32483,NGTS-8 b,NGTS-8,2019,Transit,2.4997,0.035,12.218,295.5819,19.4447,503.0,1345.0,K0 V,5241.0,-47.14354,41.59543,1399.1325828741772,-631.7617227892434,711.6846800067998
32485,NGTS-9 b,NGTS-9,2019,Transit,4.43527,0.058,11.994,921.707,62.9201,729.0,1448.0,F8 V,6330.0,22.2152,250.6186,1986.7098204584447,1735.0082223508462,-610.3598300373912
32924,Qatar-3 b,Qatar-3,2017,Transit,2.5079204,0.03783,12.285,1369.8473,89.1347,1330.0,1681.0,G0 V,6007.0,-25.35493,110.71755,2399.2095760481416,-2027.9009248325199,-766.9898350834569
32929,Qatar-4 b,Qatar-4,2017,Transit,1.8053564,0.02803,12.722,1938.763,117.6356,614.0,1385.0,K1 V,5215.0,-18.46753,116.87585,1073.1718989840638,-907.9610814394414,-460.153846056831
32934,Qatar-5 b,Qatar-5,2017,Transit,2.8792319,0.04127,12.408,1373.0256,87.579,669.0,1415.0,G2 V,5747.0,-20.60282,118.33015,1199.1400151858245,-988.0078439939491,-532.6582417211049
32981,TOI-1062 b,TOI-1062,2021,Transit,4.11296,0.052,2.265,10.15,19.4292,232.0,1077.0,G9 V,5328.0,-37.81231,296.49611,268.01345873031266,189.49702348018536,94.46366747965942
32990,TOI-1075 b,TOI-1075,2022,Transit,0.6047328,0.01159,1.791,9.95,30.4619,509.2,1323.0,K9 V/M0 V,3875.0,-35.68168,330.01703,200.45310049368877,81.36911156773367,141.03222645925572
32991,TOI-1107 b,TOI-1107,2022,Transit,4.0782387,0.0561,14.572,1064.72516,49.2407,532.0,1728.0,F6 V,6311.0,-20.84697,297.90095,917.5235524100796,757.7845384256366,401.2423468629426
33009,TOI-1201 b,TOI-1201,2021,Transit,2.4919863,0.0287,2.415,6.28,10.5743,40.6,703.0,M2.0 V,3476.0,-59.89292,194.18797,123.57119298192026,15.192881204273366,-60.09473643978229
33018,TOI-1231 b,TOI-1231,2021,Transit,24.245586,0.1288,3.65,15.4,11.3517,1.93,330.0,M3 V,3553.0,4.38237,281.8256,90.09319774756287,87.92323871061278,18.409124385899784
33022,TOI-1235 b,TOI-1235,2020,Transit,3.444717,0.03826,1.694,5.9,20.1906,60.3,775.0,M0.5 V,3997.0,41.71685,140.91663,129.27044952614267,-60.83403778935653,-74.90067449836677
33026,TOI-1246 b,TOI-1246,2022,Transit,4.30744,0.049,3.01,8.1,8.7796,196.0,955.0,K V,5151.0,35.90788,102.34143,552.5806582552609,-437.22603381478905,-95.66192791394921
33028,TOI-1246 c,TOI-1246,2022,Transit,5.904144,0.061,2.51,8.8,13.717,129.0,860.0,K V,5151.0,35.90788,102.34143,552.5806582552609,-437.22603381478905,-95.66192791394921
33030,TOI-1246 d,TOI-1246,2022,Transit,18.6559,0.131,3.51,5.3,4.2246,28.0,586.0,K V,5151.0,35.90788,102.34143,552.5806582552609,-437.22603381478905,-95.66192791394921
33031,TOI-1246 e,TOI-1246,2022,Transit,37.9216,0.211,3.78,14.8,10.1719,11.0,462.0,K V,5151.0,35.90788,102.34143,552.5806582552609,-437.22603381478905,-95.66192791394921
33034,TOI-125 b,TOI-125,2019,Transit,4.65382,0.05186,2.726,9.5,12.5544,185.0,1037.0,K0 V,5320.0,-49.90031,296.35814,362.226011528438,209.06036903511892,103.58816162592511
33037,TOI-125 c,TOI-125,2019,Transit,9.15059,0.0814,2.759,6.63,8.5533,77.59,828.0,K0 V,5320.0,-49.90031,296.35814,362.226011528438,209.06036903511892,103.58816162592511
33040,TOI-125 d,TOI-125,2020,Transit,19.98,0.137,2.93,13.6,15.5571,26.7,638.0,K0 V,5320.0,-49.90031,296.35814,362.226011528438,209.06036903511892,103.58816162592511
33043,TOI-1260 b,TOI-1260,2021,Transit,3.12748,0.0366,2.34,8.6,15.4238,91.0,860.0,K6 V,4227.0,45.37156,142.80364,240.04359240283566,-101.94632047125093,-134.32703669241408
33046,TOI-1260 c,TOI-1260,2021,Transit,7.49325,0.0656,2.82,11.8,14.5716,28.4,643.0,K6 V,4227.0,45.37156,142.80364,240.04359240283566,-101.94632047125093,-134.32703669241408
33076,TOI-132 b,TOI-132,2020,Transit,2.1097019,0.026,3.42,22.4,18.807,860.0,1395.0,G8 V,5397.0,-57.81809,353.41363,533.8462359192112,32.61304372771731,282.4547887843029
33088,TOI-1416 b,TOI-1416,2023,Transit,1.0697568,0.019,1.62,3.48,13.0219,883.0,1517.0,G9 V,4884.0,65.39358,76.1889,179.43003885520062,-72.55150176956981,17.835262242991963
33093,TOI-1431 b,TOI-1431,2021,Transit,2.650237,0.046,16.701,991.62463,34.913,5300.0,2370.0,Am C,7690.0,5.72303,94.60687,485.7283855146601,-481.74586283472394,-38.818489609221274
33099,TOI-1452 b,TOI-1452,2022,Transit,11.06201,0.061,1.672,4.82,16.9316,1.8,326.0,M4 &#177 0.5 V,3185.0,23.81292,104.66497,99.54684035568268,-88.10539553971056,-23.05645302576169
33106,TOI-1470 b,TOI-1470,2023,Transit,2.527093,0.0285,2.18,7.32,15.126,46.3,734.0,M1.5 V,3709.0,-1.62965,121.59773,169.43921669298132,-144.26108936495362,-88.74213587063308
33107,TOI-1470 c,TOI-1470,2023,Transit,18.08816,0.106,2.47,7.24,11.6538,3.35,373.0,M1.5 V,3709.0,-1.62965,121.59773,169.43921669298132,-144.26108936495362,-88.74213587063308
33118,TOI-157 b,TOI-157,2020,Transit,2.0845435,0.03138,14.415,375.0394,17.7244,1062.0,1588.0,G9 IV,5404.0,-32.93009,289.06331,1160.0827889542443,920.2982273672839,318.0219907898357
33124,TOI-1634 b,TOI-1634,2021,Transit,0.989343,0.01545,1.79,4.91,15.0487,121.0,924.0,M2,3550.0,-13.8523,157.38273,115.04709605029319,-42.95728491178351,-103.11063714999734
33140,TOI-169 b,TOI-169,2020,Transit,2.2554477,0.03524,12.173,251.40353,16.661,1443.0,1715.0,G1 V,5880.0,-41.88837,301.58794,1330.196170879966,843.5408810098425,518.7050900264891
33150,TOI-1695 b,TOI-1695,2022,Transit,3.1342791,0.033548,1.9,6.36,17.3011,39.0,698.0,M1 V,3690.0,9.62112,125.71643,147.19730867096573,-117.83087878694516,-84.72132201413305
33160,TOI-1728 b,TOI-1728,2020,Transit,3.49151,0.0391,5.05,26.78,10.3122,57.78,767.0,M0,3980.0,31.87904,151.4597,198.29655452422566,-80.45115046927006,-147.92437243726852
33170,TOI-1759 b,TOI-1759,2022,Transit,18.85019,0.1177,3.14,10.8,10.757,6.39,443.0,M0.0 V,4065.0,7.03023,103.55005,130.67585735772408,-126.08346429917614,-30.386472869582335
33181,TOI-1789 b,TOI-1789,2021,Transit,3.208664,0.04882,16.141,222.47988,8.386,2300.0,1927.0,F,5991.0,45.58561,201.71923,747.1166297444125,193.49036930912084,-485.745212470572
33186,TOI-181 b,TOI-181,2023,Transit,4.532,0.0539,6.956,46.1687,9.3703,102.43,895.0,K,4994.0,-70.81433,5.3051,313.8726762191754,-9.536994222149223,102.70627866541433
33200,TOI-1899 b,TOI-1899,2020,Transit,29.02,0.1587,12.89,209.7678,12.3982,2.9,362.0,M0,3841.0,5.73806,75.50727,418.9087284118308,-403.5465989753458,104.30961951550307
33237,TOI-2095 b,TOI-2095,2023,Transit,17.66484,0.101,1.25,4.1,25.7685,3.43,347.0,M2.5 V,3759.0,25.49556,106.75582,136.71692578579362,-118.16380106465272,-35.57635802901706
33238,TOI-2095 c,TOI-2095,2023,Transit,28.17232,0.137,1.33,7.4,41.0822,1.84,297.0,M2.5 V,3759.0,25.49556,106.75582,136.71692578579362,-118.16380106465272,-35.57635802901706
33249,TOI-2136 b,TOI-2136,2022,Transit,7.851928,0.057,2.19,6.37,13.043,4.0,395.0,M4.5 V,3342.0,17.01545,65.83323,108.81587845401482,-94.93315447527443,42.59848932550402
33264,TOI-2180 b,TOI-2180,2022,Transit,260.79,0.828,11.321,875.61726,67.0918,2.71,348.0,G5,5695.0,25.01309,85.74578,380.57556933878203,-343.93160272964826,25.584004632204678
33274,TOI-2196 b,TOI-2196,2022,Transit,1.1947268,0.02234,3.51,26.0,20.7245,2000.0,1860.0,G V,5634.0,-35.17676,323.77267,847.8337191833429,409.55712289874475,559.0291481098969
33309,TOI-244 b,TOI-244,2023,Transit,7.397225,0.0559,1.52,2.68,11.3913,7.3,458.0,M2.5 V,3433.0,-80.21632,313.7951,71.86431779697408,8.814727416197508,8.451572703307477
33343,TOI-2641 b,TOI-2641,2023,Transit,4.880974,0.0607,18.103,122.68177,3.6762,602.0,1387.0,F9 V,6100.0,17.329,286.38094,1122.1247097155697,1027.7096737851657,302.09995043679805
33348,TOI-269 b,TOI-269,2021,Transit,3.6977104,0.0345,2.77,8.8,11.2628,19.0,531.0,M2 V,3514.0,-37.32334,261.96005,185.98252048352998,146.44451678877377,-20.68557145538157
33387,TOI-3629 b,TOI-3629,2022,Transit,3.936551,0.043,8.295,82.63539,11.7939,39.0,690.0,M1,3870.0,-22.44783,112.0229,424.30009333548867,-363.53627204306406,-147.04723166629708
33394,TOI-3714 b,TOI-3714,2022,Transit,2.154849,0.027,11.321,222.47988,17.0469,54.0,750.0,M2,3660.0,-5.02267,163.30436,367.61085332454144,-105.20452334475442,-350.7619122561942
33395,TOI-3757 b,TOI-3757,2022,Transit,3.438753,0.03845,12.0,85.3,5.8172,55.4,759.0,M0 V,3913.0,15.59205,158.55829,590.7964010323318,-208.02060791598967,-529.670689623839
33397,TOI-3785 b,TOI-3785,2023,Transit,4.6747373,0.043,5.14,14.95,5.557,19.1,582.0,M2 V,3576.0,36.58395,152.77829,260.1534161837169,-95.55776295170351,-185.7621305144467
33404,TOI-3884 b,TOI-3884,2022,Transit,4.5445697,0.0354,6.0,16.5,4.501,7.42,463.0,M4,3269.0,71.95418,264.84462,140.71951685313348,43.41539257521175,-3.9170221973914847
33409,TOI-3984 A b,TOI-3984 A,2023,Transit,4.353326,0.041,7.9,44.0,6.9235,16.7,563.0,M4+/-0.5,3476.0,60.17839,60.26767,355.12884874932166,-153.35614661844073,87.5875253312339
33412,TOI-4010 b,TOI-4010,2023,Transit,1.348335,0.0229,3.02,11.0,11.8441,714.0,1441.0,K V,4960.0,3.37092,125.91346,578.9406167023282,-468.0749770048251,-338.99738465123016
33414,TOI-4010 c,TOI-4010,2023,Transit,5.414654,0.058,5.93,20.31,5.6719,112.0,907.0,K V,4960.0,3.37092,125.91346,578.9406167023282,-468.0749770048251,-338.99738465123016
33415,TOI-4010 d,TOI-4010,2023,Transit,14.70886,0.113,6.18,38.15,9.8094,30.0,650.0,K V,4960.0,3.37092,125.91346,578.9406167023282,-468.0749770048251,-338.99738465123016
33426,TOI-4127 b,TOI-4127,2023,Transit,56.39879,0.3081,12.285,731.00534,47.5658,22.3,605.0,F V,6096.0,26.52673,142.64659,1042.5001532235813,-565.9283644917948,-741.4523326944079
33434,TOI-4201 b,TOI-4201,2023,Transit,3.5819194,0.04,13.675,788.21445,41.3918,45.2,725.0,M1.0+/-0.5,3794.0,-16.96484,219.66063,616.4714310861938,376.33446138738327,-453.93134340347666
33437,TOI-421 b,TOI-421,2020,Transit,5.19672,0.056,2.68,7.17,9.8033,154.57,981.0,G9 V,5325.0,-24.93742,216.79355,243.9548596844148,132.49046780500785,-177.1452355087015
33438,TOI-421 c,TOI-421,2020,Transit,16.06819,0.1189,5.09,16.42,6.2239,34.32,674.0,G9 V,5325.0,-24.93742,216.79355,243.9548596844148,132.49046780500785,-177.1452355087015
33476,TOI-4603 b,TOI-4603,2023,Transit,7.24599,0.0888,11.68,4096.80817,294.9067,1192.0,1677.0,F,6264.0,-5.98612,185.2858,735.9490353713912,67.42873516532232,-728.8235301269619
33487,TOI-500 b,TOI-500,2022,Transit,0.548177,0.01189,1.166,1.42,10.2569,1138.0,1617.0,K6 V,4440.0,-17.33308,258.09657,154.5733351530299,144.38109074885583,-30.43489528204683
33500,TOI-5205 b,TOI-5205,2023,Transit,1.630757,0.0199,11.6,343.0,25.0324,49.0,737.0,M4.0,3430.0,-13.20303,69.534,281.9599054414806,-257.1798967217345,95.98171437644194
33504,TOI-5293 A b,TOI-5293 A,2023,Transit,2.930289,0.034,11.9,170.4,11.8168,34.6,675.0,M3+/-1,3586.0,-60.07625,87.00512,529.1202300060957,-263.58955913577256,13.790524263513236
33517,TOI-5542 b,TOI-5542,2022,Transit,75.12375,0.332,11.31,419.5335,32.2082,9.6,441.0,G3 V,5700.0,-33.08256,335.72494,1137.793262101082,391.9347688632303,869.0477007708498
33524,TOI-561 b,TOI-561,2020,Transit,0.4465688,0.0106,1.425,2.0,9.6722,4745.0,2310.0,G9 V,5372.0,42.72934,230.84909,279.83891051718865,159.40922564898528,-129.78372342308805
33531,TOI-561 c,TOI-561,2020,Transit,10.778831,0.0884,2.91,5.39,6.2507,68.2,800.0,G9 V,5372.0,42.72934,230.84909,279.83891051718865,159.40922564898528,-129.78372342308805
33534,TOI-561 d,TOI-561,2020,Transit,25.7124,0.158,2.82,13.2,16.3005,21.4,598.0,G9 V,5372.0,42.72934,230.84909,279.83891051718865,159.40922564898528,-129.78372342308805
33536,TOI-561 e,TOI-561,2020,Transit,77.03,0.328,2.55,12.6,19.029,4.96,415.0,G9 V,5372.0,42.72934,230.84909,279.83891051718865,159.40922564898528,-129.78372342308805
33546,TOI-615 b,TOI-615,2023,Transit,4.6615983,0.0678,18.977,138.25536,3.7701,1286.0,1666.0,F2 V,6850.0,2.71409,261.99981,1175.4936778013605,1162.7475470234929,-163.41744278459328
33551,TOI-622 b,TOI-622,2023,Transit,6.402513,0.0708,9.236,96.30201,11.0864,602.0,1388.0,F6 V,6400.0,-5.54922,263.18581,402.1410290334131,397.42904323337103,-47.490374882396694
33558,TOI-674 b,TOI-674,2021,Transit,1.977143,0.025,5.25,23.6,8.4085,38.4,635.0,M2 V,3514.0,20.70965,279.02972,150.30949282713888,138.85475556767597,22.066271235341688
33585,TOI-733 b,TOI-733,2023,Transit,4.884765,0.0618,1.992,5.72,14.1561,207.1,1056.0,G,5585.0,15.24205,277.34362,245.29960242974093,234.72958513118044,30.251206274439653
33591,TOI-776 b,TOI-776,2020,Transit,8.24661,0.0652,1.85,4.0,11.4773,11.5,514.0,M1 V,3709.0,23.94395,290.576,88.6170139820169,75.82422641982566,28.464210246026187
33594,TOI-776 c,TOI-776,2020,Transit,15.6653,0.1,2.02,5.3,12.7555,4.9,415.0,M1 V,3709.0,23.94395,290.576,88.6170139820169,75.82422641982566,28.464210246026187
33602,TOI-824 b,TOI-824,2020,Transit,1.392978,0.02177,2.926,18.467,21.1823,412.0,1253.0,K4 V,4600.0,1.77774,318.14918,208.4993783319608,139.0424598845291,155.23320531504947
33606,TOI-836 b,TOI-836,2023,Transit,3.81673,0.0422,1.704,4.53,15.3209,78.84,871.0,K V,4552.0,29.77712,336.931,89.70083162516964,30.50746994168662,71.63113104306991
33609,TOI-836 c,TOI-836,2023,Transit,8.59545,0.075,2.587,9.6,14.0865,26.71,665.0,K V,4552.0,29.77712,336.931,89.70083162516964,30.50746994168662,71.63113104306991
33622,TOI-908 b,TOI-908,2023,Transit,3.183792,0.041657,3.186,16.137,15.6119,80.88,1317.0,G V,5626.0,-33.63672,296.14549,573.2133107096221,428.4061875418322,210.2959540726038
33636,TOI-969 b,TOI-969,2022,Transit,1.8237305,0.02636,2.765,9.1,11.689,188.0,941.0,K V,4435.0,11.87747,216.69969,251.97341423058094,147.36053934629183,-197.70156273940904
34056,WASP-151 b,WASP-151,2017,Transit,4.533471,0.055,12.666,98.5273,6.0312,460.0,1290.0,G1,5871.0,-54.27961,79.21593,1477.811285870787,-847.5533375651589,161.43523791968013
34061,WASP-153 b,WASP-153,2017,Transit,3.332609,0.048,17.374,123.9537,4.0326,1400.0,1700.0,G0,5914.0,19.63191,68.68938,1990.127939296916,-1746.2756413218706,681.2173304442331
34064,WASP-156 b,WASP-156,2017,Transit,3.836169,0.0453,5.717,40.68224,12.2234,150.0,970.0,K3,4910.0,-54.7599,159.09073,398.12604402372,-81.98469853497457,-214.59251726347395
34110,WASP-166 b,WASP-166,2019,Transit,5.44354,0.0641,7.062,32.10083,6.321,440.0,1270.0,F9 V,6050.0,23.13623,253.96174,372.38252113053744,329.10462092304147,-94.6071105723237
34148,WASP-173 A b,WASP-173 A,2018,Transit,1.3866529,0.02508,14.404,1102.8701,52.2015,1920.0,1842.0,G2,5767.0,-72.33626,3.29979,759.8791288044687,-13.271705623844776,230.1879226640975
34229,WASP-193 b,WASP-193,2023,Transit,6.2463345,0.0676,16.41,44.17815,1.6111,413.0,1254.0,F9,6078.0,26.7008,275.36894,1180.9698433832245,1050.4086362218843,98.71836575601486
34448,WASP-44 b,WASP-44,2011,Transit,2.423804,0.03453,12.33,276.5121,17.8613,533.0,1337.0,G8 V,5420.0,-72.63944,92.23763,1188.8791355428557,-354.4718537365861,-13.850590083168985
34951,XO-7 b,XO-7,2019,Transit,2.8641424,0.04421,15.39,225.34147,9.343,1540.0,1743.0,G0 V,6250.0,27.47379,117.58141,763.6918968599774,-600.5616629915626,-313.7179803486881
35040,pi Men c,HD 39091,2018,Transit,6.2679,0.06839,2.042,4.82,11.3517,309.0,1170.0,G0 V,6037.0,-29.77608,292.50808,59.58942252160445,47.78210657048558,19.799891517844355
